{"cameraMode":{"drawMode":0,"name":"Shaded","section":"Shading Mode"},"sceneLighting":true,"audioPlay":false,"sceneViewState":{"showFog":true,"showMaterialUpdate":false,"showSkybox":true,"showFlares":true,"showImageEffects":true,"showParticleSystems":true},"in2DMode":false,"pivot":{"x":-2.4269590377807619,"y":8.724349021911621,"z":46.326255798339847},"rotation":{"x":-0.06966798007488251,"y":0.6828498244285584,"z":-0.06566416472196579,"w":-0.724285364151001},"size":16.85210609436035,"orthographic":true}